nazwa,2019,2020
Bolesławiec,57651.0,56623.0
Gromadka,5337.0,5156.0
Nowogrodziec,15214.0,14852.0
Osiecznica,7349.0,7358.0
Warta Bolesławiecka,8632.0,8532.0
Bielawa,29872.0,28973.0
Dzierżoniów,42229.0,41240.0
Pieszyce,9410.0,9107.0
Piława Górna,6394.0,6129.0
Łagiewniki,7438.0,7287.0
Niemcza,5470.0,5249.0
Głogów,73771.0,71383.0
Jerzmanowa,5156.0,5439.0
Kotla,4455.0,4401.0
Pęcław,2259.0,2136.0
Żukowice,3461.0,3438.0
Góra,19878.0,19005.0
Jemielno,2997.0,2826.0
Niechlów,4840.0,4632.0
Wąsosz,10752.0,10340.0
Jawor,22758.0,21575.0
Bolków,10388.0,9942.0
Męcinka,5007.0,5068.0
Mściwojów,4054.0,4053.0
Paszowice,3997.0,4130.0
Wądroże Wielkie,3912.0,3858.0
Karpacz,4570.0,4477.0
Kowary,10813.0,10266.0
Piechowice,6156.0,5968.0
Szklarska Poręba,6633.0,5968.0
Janowice Wielkie,4302.0,4136.0
Jeżów Sudecki,7456.0,7663.0
Mysłakowice,10160.0,9867.0
Podgórzyn,8249.0,8254.0
Stara Kamienica,5252.0,5285.0
Kamienna Góra,27875.0,26977.0
Lubawka,10851.0,10465.0
Marciszów,4513.0,4375.0
Duszniki-Zdrój,4545.0,4271.0
Kłodzko,43854.0,42672.0
Kudowa-Zdrój,9886.0,9666.0
Nowa Ruda,33454.0,32348.0
Polanica-Zdrój,6307.0,6259.0
Bystrzyca Kłodzka,18825.0,17947.0
Lądek-Zdrój,8210.0,7817.0
Lewin Kłodzki,1923.0,1971.0
Międzylesie,7168.0,6956.0
Radków,11551.0,11042.0
Stronie Śląskie,7493.0,7031.0
Szczytna,7279.0,7043.0
Chojnów,22863.0,22406.0
Krotoszyce,3319.0,3302.0
Kunice,7025.0,7312.0
Legnickie Pole,5196.0,5188.0
Miłkowice,6762.0,7058.0
Prochowice,7406.0,7313.0
Ruja,2595.0,2459.0
Lubań,27562.0,26671.0
Świeradów-Zdrój,4100.0,4129.0
Leśna,9952.0,9653.0
Olszyna,6508.0,6439.0
Platerówka,1630.0,1559.0
Siekierczyn,4502.0,4493.0
Lubin,88478.0,87490.0
Rudna,7806.0,7471.0
Ścinawa,9866.0,9519.0
Gryfów Śląski,9667.0,9417.0
Lubomierz,6218.0,5760.0
Lwówek Śląski,17268.0,16607.0
Mirsk,8525.0,8234.0
Wleń,4247.0,4015.0
Cieszków,4663.0,4601.0
Krośnice,8139.0,8011.0
Milicz,24197.0,23572.0
Oleśnica,54876.0,54951.0
Bierutów,9960.0,9599.0
Dobroszyce,6801.0,7021.0
Dziadowa Kłoda,4598.0,4590.0
Międzybórz,5092.0,5078.0
Syców,16874.0,16540.0
Twardogóra,12948.0,12689.0
Oława,48298.0,48728.0
Domaniów,5162.0,5019.0
Jelcz-Laskowice,23292.0,23658.0
Chocianów,12796.0,12598.0
Gaworzyce,3991.0,3815.0
Grębocice,5402.0,5280.0
Polkowice,27727.0,27025.0
Przemków,8341.0,8039.0
Radwanice,4808.0,4853.0
Borów,5272.0,5115.0
Kondratowice,4276.0,4097.0
Przeworno,4754.0,4648.0
Strzelin,22167.0,21610.0
Wiązów,7101.0,7052.0
Kostomłoty,7119.0,7272.0
Malczyce,5952.0,5776.0
Miękinia,17006.0,19543.0
Środa Śląska,19914.0,19851.0
Udanin,5088.0,4967.0
Świdnica,80716.0,79447.0
Świebodzice,22744.0,22278.0
Dobromierz,5206.0,5018.0
Jaworzyna Śląska,10239.0,10234.0
Marcinowice,6519.0,6327.0
Strzegom,25708.0,24882.0
Żarów,12391.0,12288.0
Oborniki Śląskie,20317.0,20782.0
Prusice,9377.0,9380.0
Trzebnica,24436.0,24874.0
Wisznia Mała,10559.0,11593.0
Zawonia,5904.0,5851.0
Żmigród,14660.0,14389.0
Boguszów-Gorce,15310.0,14673.0
Jedlina-Zdrój,4820.0,4808.0
Szczawno-Zdrój,5569.0,5400.0
Czarny Bór,4840.0,4820.0
Głuszyca,8605.0,8315.0
Mieroszów,6760.0,6394.0
Stare Bogaczowice,4304.0,4261.0
Walim,5403.0,5414.0
Brzeg Dolny,16134.0,16365.0
Wińsko,8274.0,8044.0
Wołów,22410.0,21943.0
Czernica,16619.0,20836.0
Długołęka,33838.0,40719.0
Jordanów Śląski,3179.0,3270.0
Kąty Wrocławskie,25282.0,28554.0
Kobierzyce,21760.0,23722.0
Mietków,3759.0,3900.0
Sobótka,12914.0,12998.0
Siechnice,22878.0,27536.0
Żórawina,11156.0,12741.0
Bardo,5286.0,5193.0
Ciepłowody,2989.0,3052.0
Kamieniec Ząbkowicki,8086.0,7703.0
Stoszowice,5381.0,5260.0
Ząbkowice Śląskie,21664.0,21043.0
Ziębice,16949.0,16096.0
Złoty Stok,4447.0,4214.0
Zawidów,4180.0,3940.0
Zgorzelec,38747.0,38666.0
Bogatynia,22940.0,22120.0
Pieńsk,9022.0,8928.0
Sulików,6012.0,5926.0
Węgliniec,8287.0,8014.0
Wojcieszów,3650.0,3500.0
Złotoryja,22517.0,21681.0
Pielgrzymka,4551.0,4356.0
Świerzawa,7503.0,7233.0
Zagrodno,5269.0,4970.0
Jelenia Góra,79061.0,77538.0
Legnica,99350.0,95135.0
Wrocław,642869.0,673592.0
Wałbrzych od 2013,111356.0,105007.0
Aleksandrów Kujawski,24045.0,23681.0
Ciechocinek,10618.0,10445.0
Nieszawa,1843.0,1775.0
Bądkowo,4222.0,4156.0
Koneck,3125.0,3144.0
Raciążek,3138.0,3227.0
Waganiec,4566.0,4496.0
Zakrzewo,8414.0,8329.0
Brodnica,42305.0,42589.0
Bobrowo,6325.0,6127.0
Brzozie,3824.0,3705.0
Górzno,10454.0,10433.0
Bartniczka,4691.0,4652.0
Jabłonowo Pomorskie,8872.0,8599.0
Osiek,22332.0,21792.0
Świedziebnia,5161.0,4996.0
Zbiczno,4855.0,4825.0
Białe Błota,22450.0,24300.0
Dąbrowa Chełmińska,8369.0,8452.0
Dobrcz,11802.0,12154.0
Koronowo,24056.0,23645.0
Nowa Wieś Wielka,10195.0,10124.0
Osielsko,14771.0,16424.0
Sicienko,10241.0,10426.0
Solec Kujawski,16799.0,16638.0
Chełmno,25602.0,24918.0
Kijewo Królewskie,4516.0,4341.0
Lisewo,5199.0,5013.0
Papowo Biskupie,4343.0,4094.0
Stolno,5309.0,5156.0
Unisław,6956.0,6776.0
Golub-Dobrzyń,21327.0,20631.0
Ciechocin,4022.0,3932.0
Kowalewo Pomorskie,11453.0,11277.0
Radomin,3837.0,4023.0
Zbójno,4379.0,4312.0
Grudziądz,12954.0,13135.0
Gruta,6396.0,6140.0
Łasin,7839.0,7562.0
Radzyń Chełmiński,4638.0,4532.0
Rogóźno,4241.0,4089.0
Świecie nad Osą,4170.0,3877.0
Inowrocław,84386.0,81865.0
Dąbrowa Biskupia,5104.0,4992.0
Gniewkowo,14388.0,13981.0
Janikowo,13067.0,12653.0
Kruszwica,19213.0,18396.0
Pakość,9793.0,9362.0
Rojewo,4718.0,4502.0
Złotniki Kujawskie,9145.0,8932.0
Lipno,34623.0,34511.0
Bobrowniki,15218.0,15447.0
Chrostkowo,2870.0,2842.0
Dobrzyń nad Wisłą,7584.0,7373.0
Kikół,7102.0,6770.0
Skępe,7528.0,7222.0
Tłuchowo,4648.0,4494.0
Wielgie,6691.0,6788.0
Dąbrowa,12869.0,12555.0
Jeziora Wielkie,4860.0,4663.0
Mogilno,24574.0,24232.0
Strzelno,11585.0,11119.0
Kcynia,13361.0,12545.0
Mrocza,9233.0,8947.0
Nakło nad Notecią,31668.0,30536.0
Sadki,7252.0,6993.0
Szubin,24797.0,24873.0
Radziejów,9891.0,9607.0
Bytoń,3456.0,3434.0
Dobre,11337.0,10981.0
Osięciny,7595.0,7467.0
Piotrków Kujawski,9234.0,8897.0
Topólka,4793.0,4609.0
Rypin,23622.0,23165.0
Brzuze,5287.0,4965.0
Rogowo,11593.0,11364.0
Skrwilno,5845.0,5541.0
Wąpielsk,3967.0,3753.0
Kamień Krajeński,6906.0,6701.0
Sępólno Krajeńskie,15803.0,15277.0
Sośno,4983.0,4657.0
Więcbork,13364.0,13003.0
Bukowiec,5138.0,4945.0
Dragacz,7216.0,6998.0
Drzycim,4897.0,4835.0
Jeżewo,8074.0,7820.0
Lniano,4322.0,4127.0
Nowe,10183.0,9903.0
Osie,5496.0,5503.0
Pruszcz,9562.0,9365.0
Świecie,33949.0,33297.0
Świekatowo,3622.0,3498.0
Warlubie,6493.0,6216.0
Chełmża,24275.0,23701.0
Czernikowo,9064.0,8986.0
Lubicz,20181.0,20931.0
Łubianka,7293.0,7596.0
Łysomice,10155.0,10581.0
Obrowo,17753.0,19096.0
Wielka Nieszawka,5238.0,5075.0
Zławieś Wielka,14386.0,15430.0
Cekcyn,6870.0,6752.0
Gostycyn,5196.0,5007.0
Kęsowo,4493.0,4229.0
Lubiewo,5981.0,5850.0
Śliwice,5592.0,5564.0
Tuchola,20251.0,20051.0
Wąbrzeźno,13518.0,13344.0
Dębowa Łąka,3165.0,2982.0
Książki,4149.0,3895.0
Płużnica,4775.0,4613.0
Ryńsk,8587.0,8386.0
Kowal,7423.0,7290.0
Baruchowo,3436.0,3354.0
Boniewo,3366.0,3237.0
Brześć Kujawski,11442.0,11076.0
Choceń,7977.0,7805.0
Chodecz,5996.0,5673.0
Fabianki,10107.0,10058.0
Izbica Kujawska,7657.0,7368.0
Lubanie,4562.0,4433.0
Lubień Kujawski,7325.0,6995.0
Lubraniec,9437.0,8988.0
Włocławek,7309.0,7304.0
Barcin,14751.0,14403.0
Gąsawa,5304.0,5023.0
Janowiec Wielkopolski,9008.0,8666.0
Łabiszyn,10219.0,10428.0
Żnin,24080.0,23407.0
Bydgoszcz,348190.0,339068.0
Toruń,201447.0,198801.0
Międzyrzec Podlaski,27220.0,26170.0
Terespol,12260.0,11539.0
Biała Podlaska,14423.0,15000.0
Drelów,5367.0,5134.0
Janów Podlaski,5285.0,5036.0
Kodeń,3524.0,3355.0
Konstantynów,4110.0,3920.0
Leśna Podlaska,4287.0,4067.0
Łomazy,4906.0,4714.0
Piszczac,7188.0,6865.0
Rokitno,2972.0,2821.0
Rossosz,2193.0,2136.0
Sławatycze,2293.0,2296.0
Sosnówka,2409.0,2258.0
Tuczna,3004.0,2891.0
Wisznice,4926.0,4628.0
Zalesie,4405.0,4201.0
Biłgoraj,39684.0,39202.0
Aleksandrów,7607.0,7559.0
Biszcza,3764.0,3765.0
Frampol,6095.0,5834.0
Goraj,4097.0,3984.0
Józefów,27457.0,27578.0
Księżpol,6888.0,6807.0
Łukowa,4231.0,4063.0
Obsza,4233.0,4113.0
Potok Górny,5351.0,5209.0
Tarnogród,6655.0,6369.0
Tereszpol,3878.0,3886.0
Turobin,6029.0,5810.0
Rejowiec Fabryczny,8613.0,8253.0
Białopole,2886.0,2884.0
Chełm,15023.0,14930.0
Dorohusk,6387.0,6055.0
Dubienka,2315.0,2167.0
Kamień,11027.0,11011.0
Leśniowice,3583.0,3423.0
Ruda-Huta,4502.0,4255.0
Sawin,5470.0,5365.0
Siedliszcze,6836.0,6581.0
Wierzbica,14732.0,14338.0
Wojsławice,3745.0,3563.0
Żmudź,3055.0,2886.0
Rejowiec,6372.0,6129.0
Hrubieszów,27508.0,26402.0
Dołhobyczów,5353.0,4923.0
Horodło,5102.0,4977.0
Mircze,7007.0,6474.0
Trzeszczany,4091.0,3896.0
Uchanie,4514.0,4267.0
Werbkowice,9272.0,8712.0
Batorz,3264.0,3134.0
Chrzanów,49708.0,48149.0
Dzwola,6241.0,6078.0
Godziszów,5801.0,5618.0
Janów Lubelski,15874.0,15160.0
Modliborzyce,6957.0,6851.0
Potok Wielki,4651.0,4538.0
Krasnystaw,27159.0,26283.0
Fajsławice,4570.0,4532.0
Gorzków,3429.0,3371.0
Izbica,8124.0,7899.0
Kraśniczyn,3639.0,3590.0
Łopiennik Górny,3893.0,3672.0
Rudnik,8202.0,7720.0
Siennica Różana,4110.0,3933.0
Żółkiewka,5325.0,5109.0
Kraśnik,41553.0,39848.0
Annopol,8596.0,8254.0
Dzierzkowice,5274.0,5271.0
Gościeradów,7209.0,7016.0
Szastarka,5758.0,5623.0
Trzydnik Duży,6406.0,6191.0
Urzędów,8582.0,8313.0
Wilkołaz,5527.0,5384.0
Zakrzówek,6443.0,6247.0
Lubartów,33640.0,32568.0
Abramów,4039.0,3919.0
Firlej,5885.0,5796.0
Jeziorzany,2773.0,2587.0
Kamionka,6485.0,6498.0
Kock,6349.0,5917.0
Michów,5849.0,5672.0
Niedźwiada,6183.0,6219.0
Ostrów Lubelski,5244.0,5099.0
Ostrówek,8310.0,8217.0
Serniki,4914.0,4840.0
Uścimów,3162.0,3059.0
Bełżyce,13256.0,12911.0
Borzechów,3760.0,3790.0
Bychawa,11595.0,11210.0
Garbów,9064.0,9033.0
Głusk,11557.0,13551.0
Jabłonna,27713.0,30393.0
Jastków,14185.0,15054.0
Konopnica,17855.0,19126.0
Krzczonów,4369.0,4237.0
Niedrzwica Duża,11917.0,11864.0
Niemce,19814.0,21115.0
Strzyżewice,8110.0,8099.0
Wojciechów,5974.0,6026.0
Wólka,12547.0,13762.0
Wysokie,4392.0,4269.0
Zakrzew,16111.0,16288.0
Cyców,7912.0,7773.0
Ludwin,5641.0,5593.0
Łęczna,23244.0,22840.0
Milejów,9085.0,8769.0
Puchaczów,5693.0,5552.0
Spiczyn,5756.0,5915.0
Łuków,47958.0,46259.0
Stoczek Łukowski,10293.0,9862.0
Adamów,10240.0,9774.0
Krzywda,10451.0,9962.0
Serokomla,3940.0,3774.0
Stanin,9729.0,9355.0
Trzebieszów,7352.0,7182.0
Wojcieszków,6850.0,6633.0
Wola Mysłowska,4649.0,4511.0
Chodel,6565.0,6450.0
Józefów nad Wisłą,6515.0,6277.0
Karczmiska,5570.0,5419.0
Łaziska,4896.0,4665.0
Opole Lubelskie,17108.0,16692.0
Poniatowa,14149.0,13569.0
Wilków,8790.0,8603.0
Dębowa Kłoda,3920.0,3719.0
Jabłoń,3874.0,3641.0
Milanów,3762.0,3577.0
Parczew,14445.0,14209.0
Podedwórze,1615.0,1571.0
Siemień,4516.0,4378.0
Sosnowica,2579.0,2396.0
Puławy,59543.0,57636.0
Baranów,17213.0,17410.0
Janowiec,3668.0,3660.0
Kazimierz Dolny,6639.0,6431.0
Końskowola,8813.0,8610.0
Kurów,7649.0,7466.0
Markuszów,2965.0,2934.0
Nałęczów,8962.0,8777.0
Wąwolnica,4621.0,4447.0
Żyrzyn,6427.0,6258.0
Radzyń Podlaski,23728.0,22819.0
Borki,6003.0,5870.0
Czemierniki,4310.0,4128.0
Kąkolewnica,8024.0,7759.0
Komarówka Podlaska,4185.0,3992.0
Ulan-Majorat,6000.0,5666.0
Wohyń,6608.0,6363.0
Dęblin,16058.0,14884.0
Kłoczew,7142.0,6935.0
Nowodwór,4072.0,3949.0
Ryki,20386.0,19552.0
Stężyca,15804.0,15874.0
Ułęż,3190.0,2922.0
Świdnik,39136.0,37990.0
Mełgiew,9928.0,10459.0
Piaski,19160.0,18745.0
Rybczewice,3362.0,3296.0
Trawniki,8884.0,8680.0
Tomaszów Lubelski,30393.0,29754.0
Bełżec,3315.0,3230.0
Jarczów,3371.0,3243.0
Krynice,3217.0,3107.0
Lubycza Królewska,6169.0,5792.0
Łaszczów,5973.0,5678.0
Rachanie,5068.0,4808.0
Susiec,7432.0,7188.0
Tarnawatka,3894.0,3834.0
Telatyn,3901.0,3708.0
Tyszowce,5509.0,5344.0
Ulhówek,4520.0,4223.0
Włodawa,19155.0,18313.0
Hanna,2844.0,2638.0
Hańsk,3697.0,3559.0
Stary Brus,2097.0,1933.0
Urszulin,4146.0,4150.0
Wola Uhruska,3848.0,3705.0
Wyryki,2566.0,2364.0
Grabowiec,3949.0,3733.0
Komarów-Osada,4939.0,4637.0
Krasnobród,7097.0,6836.0
Łabunie,6235.0,6030.0
Miączyn,5726.0,5333.0
Nielisz,5427.0,5257.0
Radecznica,5644.0,5264.0
Sitno,6708.0,6594.0
Skierbieszów,5121.0,4880.0
Stary Zamość,5163.0,4989.0
Sułów,4479.0,4261.0
Szczebrzeszyn,11139.0,10892.0
Zamość,23155.0,23588.0
Zwierzyniec,6694.0,6358.0
Lublin,339784.0,335114.0
Kostrzyn nad Odrą,17730.0,17930.0
Bogdaniec,7104.0,7087.0
Deszczno,9942.0,10215.0
Kłodawa,21478.0,21071.0
Lubiszyn,6878.0,6970.0
Santok,8636.0,9086.0
Witnica,12869.0,12313.0
Gubin,23752.0,23326.0
Bobrowice,3178.0,3127.0
Bytnica,2507.0,2360.0
Dąbie,11207.0,10890.0
Krosno Odrzańskie,17670.0,17391.0
Maszewo,11576.0,11324.0
Bledzew,4344.0,4073.0
Międzyrzecz,24815.0,24271.0
Przytoczna,5627.0,5441.0
Pszczew,4269.0,4249.0
Skwierzyna,12103.0,11836.0
Trzciel,6407.0,6343.0
Nowa Sól,45588.0,44119.0
Bytom Odrzański,5426.0,5168.0
Kolsko,3311.0,3292.0
Kożuchów,15881.0,15541.0
Nowe Miasteczko,5358.0,5162.0
Otyń,7012.0,6955.0
Siedlisko,3580.0,3364.0
Cybinka,6469.0,6388.0
Górzyca,4299.0,4142.0
Ośno Lubuskie,6376.0,6244.0
Rzepin,9714.0,9527.0
Słubice,24500.0,24335.0
Dobiegniew,6536.0,6350.0
Drezdenko,17100.0,16772.0
Stare Kurowo,4062.0,3963.0
Strzelce Krajeńskie,16993.0,16588.0
Zwierzyn,4318.0,4218.0
Krzeszyce,4729.0,4594.0
Lubniewice,3158.0,3060.0
Słońsk,4733.0,4761.0
Sulęcin,15745.0,15518.0
Torzym,6828.0,6459.0
Lubrza,7909.0,7787.0
Łagów,11827.0,11544.0
Skąpe,5103.0,5138.0
Szczaniec,3836.0,3736.0
Świebodzin,29984.0,29541.0
Zbąszynek,8353.0,8086.0
Babimost,6226.0,6117.0
Bojadła,3277.0,3237.0
Czerwieńsk,9979.0,10044.0
Kargowa,5821.0,5946.0
Nowogród Bobrzański,9441.0,9142.0
Sulechów,26521.0,26128.0
Trzebiechów,3371.0,3235.0
Zabór,4321.0,4516.0
Gozdnica,3000.0,2863.0
Żagań,32974.0,31622.0
Brzeźnica,14159.0,14302.0
Iłowa,6842.0,6540.0
Małomice,5174.0,5197.0
Niegosławice,4357.0,4292.0
Szprotawa,20610.0,19771.0
Wymiarki,2263.0,2164.0
Łęknica,2459.0,2324.0
Żary,49636.0,48525.0
Brody,14274.0,13732.0
Jasień,6991.0,6875.0
Lipinki Łużyckie,3375.0,3287.0
Lubsko,18404.0,17783.0
Przewóz,3132.0,3060.0
Trzebiel,5668.0,5568.0
Tuplice,3042.0,2987.0
Sława,12682.0,12556.0
Szlichtyngowa,5015.0,4859.0
Wschowa,21134.0,20552.0
Gorzów Wielkopolski,123609.0,120526.0
Zielona Góra,141222.0,140148.0
Bełchatów,68545.0,66886.0
Drużbice,5237.0,5247.0
Kleszczów,6335.0,6066.0
Kluki,4372.0,4350.0
Rusiec,5080.0,4931.0
Szczerców,8255.0,8182.0
Zelów,14955.0,14567.0
Kutno,52627.0,51246.0
Bedlno,5349.0,5314.0
Dąbrowice,1902.0,1830.0
Krośniewice,8343.0,8022.0
Krzyżanów,4231.0,4053.0
Łanięta,2430.0,2272.0
Nowe Ostrowy,3443.0,3296.0
Oporów,2495.0,2446.0
Strzelce,3913.0,3798.0
Żychlin,11836.0,11393.0
Buczek,5093.0,5051.0
Łask,27654.0,27281.0
Sędziejowice,6370.0,6281.0
Widawa,7315.0,7109.0
Wodzierady,3486.0,3633.0
Łęczyca,22525.0,21889.0
Daszyna,3878.0,3760.0
Góra Świętej Małgorzaty,4345.0,4304.0
Grabów,5892.0,5522.0
Piątek,5982.0,5728.0
Świnice Warckie,3888.0,3703.0
Witonia,3237.0,3094.0
Łowicz,35934.0,34685.0
Bielawy,5325.0,5219.0
Chąśno,2907.0,2917.0
Domaniewice,4650.0,4549.0
Kiernozia,3366.0,3213.0
Kocierzew Południowy,4204.0,4146.0
Łyszkowice,6693.0,6546.0
Nieborów,9321.0,9285.0
Zduny,13276.0,12945.0
Andrespol,14205.0,14391.0
Brójce,6672.0,7103.0
Koluszki,23368.0,23081.0
Nowosolna,5084.0,5439.0
Rzgów,17734.0,18122.0
Tuszyn,12391.0,12683.0
Białaczów,5767.0,5635.0
Drzewica,10424.0,10003.0
Mniszków,4770.0,4718.0
Opoczno,34108.0,32828.0
Paradyż,4354.0,4252.0
Poświętne,12761.0,12581.0
Sławno,28962.0,28130.0
Żarnów,5908.0,5654.0
Konstantynów Łódzki,18206.0,18921.0
Pabianice,72393.0,71474.0
Dłutów,4657.0,4861.0
Dobroń,7728.0,7989.0
Ksawerów,7668.0,7649.0
Lutomiersk,8639.0,9179.0
Działoszyn,12444.0,11915.0
Kiełczygłów,3981.0,3887.0
Nowa Brzeźnica,4558.0,4444.0
Pajęczno,11510.0,11448.0
Rząśnia,4939.0,4865.0
Siemkowice,4773.0,4559.0
Strzelce Wielkie,4571.0,4290.0
Sulmierzyce,7295.0,7204.0
Czarnocin,7889.0,7800.0
Gorzkowice,8506.0,8367.0
Grabica,6053.0,6059.0
Łęki Szlacheckie,3452.0,3286.0
Moszczenica,17913.0,17653.0
Ręczno,3523.0,3408.0
Rozprza,12297.0,12309.0
Sulejów,16329.0,16646.0
Wola Krzysztoporska,11965.0,11940.0
Wolbórz,7841.0,7836.0
Dalików,3920.0,3963.0
Pęczniew,3478.0,3435.0
Poddębice,15505.0,14895.0
Uniejów,7010.0,6833.0
Wartkowice,6228.0,6101.0
Zadzim,4967.0,4813.0
Radomsko,51425.0,50051.0
Dobryszyce,4502.0,4574.0
Gidle,6062.0,5882.0
Gomunice,5860.0,5748.0
Kamieńsk,5877.0,5711.0
Kobiele Wielkie,4444.0,4280.0
Kodrąb,4514.0,4398.0
Lgota Wielka,4278.0,4219.0
Ładzice,4757.0,4709.0
Masłowice,4161.0,3989.0
Przedbórz,7122.0,6809.0
Wielgomłyny,4546.0,4432.0
Żytno,5096.0,4911.0
Rawa Mazowiecka,26112.0,25097.0
Biała Rawska,11285.0,11152.0
Cielądz,3965.0,3887.0
Regnów,1818.0,1745.0
Sadkowice,5412.0,5297.0
Sieradz,52659.0,50823.0
Błaszki,14458.0,14255.0
Brąszewice,4471.0,4388.0
Brzeźnio,6384.0,6154.0
Burzenin,5512.0,5369.0
Goszczanów,5466.0,5226.0
Klonowa,2870.0,2797.0
Warta,12636.0,12149.0
Wróblew,6054.0,5991.0
Złoczew,7164.0,6998.0
Bolimów,4021.0,3933.0
Głuchów,5724.0,5632.0
Godzianów,2644.0,2613.0
Kowiesy,2909.0,2844.0
Lipce Reymontowskie,3301.0,3177.0
Maków,5983.0,5997.0
Nowy Kawęczyn,3370.0,3410.0
Skierniewice,7609.0,7977.0
Słupia,6903.0,6575.0
Tomaszów Mazowiecki,73184.0,70761.0
Będków,3274.0,3190.0
Budziszewice,2149.0,2102.0
Czerniewice,5048.0,4918.0
Inowłódz,3825.0,3698.0
Lubochnia,7197.0,7396.0
Rokiciny,6160.0,6183.0
Rzeczyca,4643.0,4487.0
Ujazd,14132.0,13826.0
Żelechlinek,3316.0,3209.0
Biała,16005.0,15542.0
Czarnożyły,4523.0,4403.0
Mokrsko,5401.0,5218.0
Osjaków,4738.0,4648.0
Pątnów,6504.0,6295.0
Skomlin,3319.0,3218.0
Wieluń,31456.0,30454.0
Wierzchlas,6622.0,6529.0
Czastary,3975.0,3914.0
Galewice,6115.0,6159.0
Lututów,4596.0,4620.0
Łubnice,8131.0,7937.0
Sokolniki,5035.0,5021.0
Wieruszów,14275.0,14230.0
Zduńska Wola,53884.0,52169.0
Szadek,7312.0,7155.0
Zapolice,5184.0,5385.0
Głowno,18927.0,18290.0
Ozorków,26332.0,26031.0
Zgierz,70728.0,71079.0
Aleksandrów Łódzki,32303.0,34126.0
Parzęczew,5112.0,5222.0
Stryków,12711.0,12989.0
Brzeziny,24101.0,23969.0
Dmosin,4463.0,4417.0
Jeżów,3375.0,3228.0
Rogów,4711.0,4619.0
Łódź,679941.0,673003.0
Piotrków Trybunalski,73090.0,69274.0
Bochnia,49742.0,49546.0
Drwinia,6534.0,6488.0
Lipnica Murowana,5659.0,5540.0
Łapanów,8197.0,8465.0
Nowy Wiśnicz,14177.0,14305.0
Rzezawa,11348.0,11347.0
Trzciana,5641.0,5634.0
Żegocina,5560.0,5513.0
Borzęcin,8337.0,8162.0
Brzesko,36291.0,35755.0
Czchów,9828.0,9867.0
Dębno,35232.0,34407.0
Gnojnik,8029.0,8147.0
Iwkowa,6483.0,6547.0
Szczurowa,9487.0,9343.0
Alwernia,12529.0,12507.0
Babice,9097.0,9068.0
Libiąż,22342.0,21689.0
Trzebinia,33781.0,33126.0
Bolesław,10352.0,10387.0
Dąbrowa Tarnowska,21256.0,20954.0
Gręboszów,3333.0,3286.0
Mędrzechów,3433.0,3386.0
Olesno,25729.0,25065.0
Radgoszcz,7424.0,7470.0
Szczucin,13155.0,12755.0
Gorlice,44635.0,43546.0
Biecz,16808.0,16477.0
Bobowa,9798.0,9590.0
Lipinki,6792.0,6756.0
Łużna,8535.0,8381.0
Ropa,5507.0,5528.0
Sękowa,4980.0,4891.0
Uście Gorlickie,6848.0,6837.0
Czernichów,21452.0,21677.0
Igołomia-Wawrzeńczyce,7698.0,7919.0
Iwanowice,9164.0,9704.0
Jerzmanowice-Przeginia,10964.0,11185.0
Kocmyrzów-Luborzyca,15776.0,17487.0
Krzeszowice,32129.0,32196.0
Liszki,17447.0,18084.0
Michałowice,29083.0,31621.0
Mogilany,14233.0,15750.0
Skała,10579.0,10911.0
Skawina,43586.0,43948.0
Słomniki,13638.0,13889.0
Sułoszowa,5835.0,5774.0
Świątniki Górne,10195.0,10915.0
Wielka Wieś,12721.0,15239.0
Zabierzów,26708.0,28751.0
Zielonki,23092.0,26095.0
Limanowa,40769.0,40344.0
Mszana Dolna,25512.0,25512.0
Dobra,20480.0,20012.0
Jodłownik,8690.0,8698.0
Kamienica,7850.0,7803.0
Laskowa,8206.0,8128.0
Łukowica,10062.0,10059.0
Niedźwiedź,7337.0,7314.0
Słopnice,6764.0,6807.0
Tymbark,6591.0,6434.0
Charsznica,7441.0,7290.0
Gołcza,6047.0,5966.0
Kozłów,4582.0,4480.0
Książ Wielki,5073.0,4991.0
Miechów,19645.0,19144.0
Racławice,2508.0,2450.0
Słaboszów,3522.0,3435.0
Dobczyce,15321.0,15482.0
Lubień,10076.0,10094.0
Myślenice,44444.0,45166.0
Pcim,11131.0,11171.0
Raciechowice,6413.0,6414.0
Siepraw,9001.0,9386.0
Sułkowice,14982.0,15053.0
Tokarnia,8820.0,8861.0
Wiśniowa,15411.0,15273.0
Grybów,31605.0,31224.0
Chełmiec,28834.0,29109.0
Gródek nad Dunajcem,9252.0,8994.0
Kamionka Wielka,10432.0,10418.0
Korzenna,14497.0,14344.0
Krynica-Zdrój,16680.0,16090.0
Łabowa,6089.0,5963.0
Łącko,16522.0,16564.0
Łososina Dolna,11144.0,11077.0
Muszyna,11566.0,11315.0
Nawojowa,8730.0,8751.0
Piwniczna-Zdrój,10588.0,10128.0
Podegrodzie,13279.0,13282.0
Rytro,3777.0,3706.0
Stary Sącz,23801.0,23537.0
Nowy Targ,57363.0,57380.0
Szczawnica,7204.0,6931.0
Czarny Dunajec,22626.0,22138.0
Czorsztyn,7663.0,7641.0
Jabłonka,18664.0,18873.0
Krościenko nad Dunajcem,6802.0,6742.0
Lipnica Wielka,6015.0,6148.0
Łapsze Niżne,9379.0,9229.0
Ochotnica Dolna,8513.0,8433.0
Raba Wyżna,14750.0,14567.0
Rabka-Zdrój,17091.0,16814.0
Spytkowice,14974.0,14885.0
Szaflary,11103.0,11105.0
Bukowno,10106.0,9806.0
Klucze,14973.0,14883.0
Olkusz,48601.0,47114.0
Trzyciąż,7039.0,7016.0
Wolbrom,22753.0,22430.0
Oświęcim,56510.0,56017.0
Brzeszcze,21214.0,20925.0
Chełmek,12990.0,12604.0
Kęty,34157.0,33547.0
Polanka Wielka,4313.0,4323.0
Przeciszów,6761.0,6550.0
Zator,9317.0,9154.0
Koniusza,9007.0,9025.0
Koszyce,5454.0,5356.0
Nowe Brzesko,5712.0,5710.0
Pałecznica,3568.0,3553.0
Proszowice,16139.0,15845.0
Radziemice,3342.0,3271.0
Jordanów,16546.0,16484.0
Sucha Beskidzka,9088.0,8992.0
Budzów,8945.0,8823.0
Bystra-Sidzina,6920.0,6821.0
Maków Podhalański,16077.0,15932.0
Stryszawa,11940.0,12005.0
Zawoja,9086.0,8891.0
Zembrzyce,5630.0,5481.0
Ciężkowice,11209.0,11100.0
Gromnik,8922.0,8796.0
Lisia Góra,15402.0,15542.0
Pleśna,11944.0,11869.0
Radłów,13965.0,13596.0
Ryglice,11652.0,11322.0
Rzepiennik Strzyżewski,6738.0,6612.0
Skrzyszów,14303.0,14062.0
Tarnów,26202.0,26080.0
Tuchów,17916.0,17375.0
Wierzchosławice,10857.0,10656.0
Wietrzychowice,3938.0,3809.0
Wojnicz,13443.0,13173.0
Zakliczyn,12488.0,12389.0
Żabno,18874.0,18626.0
Szerzyny,7943.0,7656.0
Zakopane,27010.0,25867.0
Biały Dunajec,7179.0,6934.0
Bukowina Tatrzańska,13387.0,13447.0
Kościelisko,8846.0,9012.0
Poronin,11650.0,11768.0
Andrychów,43477.0,42700.0
Kalwaria Zebrzydowska,20012.0,19955.0
Lanckorona,6245.0,6278.0
Mucharz,4122.0,4145.0
Stryszów,6865.0,6859.0
Tomice,8174.0,8160.0
Wadowice,37888.0,37207.0
Wieprz,12432.0,12471.0
Biskupice,10450.0,11322.0
Gdów,18296.0,18521.0
Kłaj,10768.0,10981.0
Niepołomice,29141.0,31686.0
Wieliczka,60481.0,66005.0
Kraków,779115.0,800531.0
Nowy Sącz,83794.0,81435.0
Białobrzegi,18988.0,18669.0
Promna,5555.0,5524.0
Radzanów,7157.0,6899.0
Stara Błotnica,5298.0,5390.0
Stromiec,5628.0,5524.0
Wyśmierzyce,2779.0,2697.0
Ciechanów,51255.0,50200.0
Glinojeck,7832.0,7361.0
Gołymin-Ośrodek,3752.0,3588.0
Grudusk,3586.0,3453.0
Ojrzeń,4291.0,4217.0
Opinogóra Górna,5963.0,5822.0
Regimin,4989.0,4827.0
Sońsk,7755.0,7509.0
Garwolin,30875.0,30594.0
Łaskarzew,10304.0,9900.0
Borowie,5283.0,4976.0
Maciejowice,6909.0,6582.0
Miastków Kościelny,4869.0,4672.0
Parysów,4128.0,4141.0
Pilawa,10975.0,10670.0
Sobolew,8239.0,7926.0
Trojanów,7299.0,7185.0
Wilga,5278.0,5144.0
Żelechów,8281.0,7951.0
Gostynin,30532.0,29510.0
Pacyna,3527.0,3422.0
Sanniki,5997.0,5822.0
Szczawin Kościelny,4843.0,4747.0
Milanówek,16416.0,16486.0
Podkowa Leśna,3844.0,3872.0
Grodzisk Mazowiecki,48907.0,52540.0
Jaktorów,12471.0,12940.0
Żabia Wola,8985.0,10257.0
Belsk Duży,6475.0,6351.0
Błędów,7415.0,7196.0
Chynów,9846.0,10160.0
Goszczyn,2971.0,2890.0
Grójec,25855.0,26318.0
Jasieniec,5376.0,5410.0
Mogielnica,8682.0,8395.0
Nowe Miasto nad Pilicą,7668.0,7403.0
Pniewy,17505.0,17363.0
Warka,19226.0,19374.0
Garbatka-Letnisko,5001.0,4822.0
Głowaczów,7166.0,6816.0
Gniewoszów,3878.0,3864.0
Grabów nad Pilicą,3899.0,4060.0
Kozienice,29421.0,28470.0
Magnuszew,6742.0,6491.0
Sieciechów,3890.0,3790.0
Legionowo,53886.0,53300.0
Nieporęt,14687.0,16546.0
Serock,15125.0,16477.0
Wieliszew,15228.0,18638.0
Chotcza,2326.0,2273.0
Ciepielów,5530.0,5323.0
Lipsko,10970.0,10458.0
Rzeczniów,4352.0,4148.0
Sienno,5802.0,5685.0
Solec nad Wisłą,4894.0,4685.0
Huszlew,2813.0,2705.0
Łosice,10787.0,10699.0
Olszanka,7810.0,7588.0
Platerów,4849.0,4603.0
Sarnaki,4645.0,4402.0
Stara Kornica,4737.0,4522.0
Maków Mazowiecki,9711.0,9192.0
Czerwonka,2647.0,2574.0
Karniewo,5176.0,4975.0
Krasnosielc,6352.0,6048.0
Młynarze,1742.0,1666.0
Płoniawy-Bramura,5336.0,5093.0
Różan,4418.0,4313.0
Rzewnie,2638.0,2478.0
Sypniewo,3248.0,3044.0
Szelków,3624.0,3573.0
Mińsk Mazowiecki,56489.0,56937.0
Cegłów,6087.0,6110.0
Dębe Wielkie,10518.0,11331.0
Halinów,16336.0,17783.0
Jakubów,5101.0,5093.0
Kałuszyn,5825.0,5634.0
Latowicz,5399.0,5244.0
Mrozy,8712.0,8681.0
Siennica,7480.0,7651.0
Stanisławów,6756.0,6991.0
Sulejówek,19838.0,21271.0
Mława,31246.0,30950.0
Dzierzgowo,3051.0,2889.0
Lipowiec Kościelny,4781.0,4600.0
Strzegowo,7478.0,7268.0
Stupsk,4836.0,4549.0
Szreńsk,4115.0,3919.0
Szydłowo,13772.0,13574.0
Wieczfnia Kościelna,4048.0,3781.0
Wiśniewo,5225.0,5132.0
Nowy Dwór Mazowiecki,28679.0,28705.0
Czosnów,9991.0,10876.0
Leoncin,5620.0,5587.0
Nasielsk,19965.0,19517.0
Pomiechówek,9090.0,9358.0
Zakroczym,6033.0,6011.0
Baranowo,6496.0,6172.0
Czarnia,2513.0,2300.0
Czerwin,5098.0,4846.0
Goworowo,8275.0,7968.0
Kadzidło,11363.0,11090.0
Lelis,9707.0,9759.0
Łyse,8384.0,8273.0
Myszyniec,10437.0,10189.0
Olszewo-Borki,10786.0,10913.0
Rzekuń,10839.0,11460.0
Troszyn,4756.0,4589.0
Ostrów Mazowiecka,35283.0,34773.0
Andrzejewo,4063.0,3897.0
Boguty-Pianki,2581.0,2474.0
Brok,2813.0,2639.0
Małkinia Górna,11624.0,11091.0
Nur,2673.0,2592.0
Stary Lubotyń,3707.0,3640.0
Szulborze Wielkie,1646.0,1568.0
Wąsewo,4293.0,4043.0
Zaręby Kościelne,3645.0,3392.0
Otwock,44635.0,44568.0
Celestynów,11732.0,11736.0
Karczew,15899.0,15986.0
Kołbiel,8230.0,8371.0
Osieck,3636.0,3651.0
Sobienie-Jeziory,6388.0,6294.0
Wiązowna,13108.0,15073.0
Góra Kalwaria,27063.0,28040.0
Konstancin-Jeziorna,24726.0,25294.0
Lesznowola,28500.0,33919.0
Piaseczno,85226.0,94786.0
Prażmów,11199.0,12667.0
Tarczyn,11567.0,12090.0
Bielsk,9071.0,8946.0
Bodzanów,8187.0,7942.0
Brudzeń Duży,8267.0,8271.0
Bulkowo,5512.0,5291.0
Drobin,7891.0,7518.0
Gąbin,11025.0,11084.0
Łąck,5408.0,5388.0
Mała Wieś,5968.0,5770.0
Nowy Duninów,3977.0,3995.0
Radzanowo,8500.0,8588.0
Słupno,7958.0,8704.0
Stara Biała,11968.0,12180.0
Staroźreby,7216.0,6917.0
Wyszogród,5575.0,5354.0
Płońsk,30050.0,30064.0
Raciąż,12677.0,12234.0
Baboszewo,7955.0,7588.0
Czerwińsk nad Wisłą,7640.0,7332.0
Dzierzążnia,3632.0,3449.0
Joniec,2655.0,2714.0
Naruszewo,6312.0,6116.0
Nowe Miasto,4655.0,4595.0
Sochocin,5809.0,5737.0
Załuski,5669.0,5598.0
Piastów,22679.0,23393.0
Pruszków,62317.0,65207.0
Brwinów,26718.0,29515.0
Nadarzyn,14032.0,16644.0
Raszyn,21845.0,22624.0
Przasnysz,24405.0,23736.0
Chorzele,10175.0,9569.0
Czernice Borowe,3801.0,3617.0
Jednorożec,7081.0,6758.0
Krasne,15168.0,15836.0
Krzynowłoga Mała,3439.0,3265.0
Borkowice,4261.0,4161.0
Gielniów,4542.0,4382.0
Klwów,3380.0,3193.0
Odrzywół,3752.0,3472.0
Potworów,4187.0,4052.0
Przysucha,11783.0,11192.0
Rusinów,4274.0,4136.0
Wieniawa,5276.0,5183.0
Gzy,3754.0,3635.0
Obryte,4805.0,4467.0
Pokrzywnica,5029.0,5160.0
Pułtusk,24683.0,24302.0
Świercze,4613.0,4537.0
Winnica,4091.0,4029.0
Zatory,4849.0,4751.0
Pionki,28138.0,26654.0
Gózd,8978.0,9162.0
Iłża,14656.0,14090.0
Jastrzębia,6996.0,7155.0
Jedlińsk,14548.0,14547.0
Jedlnia-Letnisko,12838.0,13395.0
Kowala,12247.0,12331.0
Przytyk,7308.0,7118.0
Skaryszew,14782.0,15166.0
Wolanów,8906.0,8966.0
Domanice,2610.0,2532.0
Korczew,2599.0,2474.0
Kotuń,8501.0,8199.0
Mokobody,4939.0,4856.0
Mordy,5780.0,5519.0
Paprotnia,2549.0,2424.0
Przesmyki,3169.0,2932.0
Siedlce,18406.0,19215.0
Skórzec,7872.0,8065.0
Suchożebry,4693.0,4662.0
Wiśniew,5747.0,5704.0
Wodynie,4391.0,4261.0
Zbuczyn,10106.0,9847.0
Sierpc,24975.0,24079.0
Gozdowo,5943.0,5800.0
Mochowo,6009.0,5659.0
Rościszewo,4139.0,3889.0
Szczutowo,4310.0,4066.0
Zawidz,6578.0,6114.0
Sochaczew,47258.0,46167.0
Brochów,4371.0,4442.0
Iłów,6132.0,6047.0
Młodzieszyn,5575.0,5555.0
Nowa Sucha,6686.0,6760.0
Rybno,10674.0,10304.0
Teresin,11545.0,11602.0
Sokołów Podlaski,24964.0,24437.0
Bielany,3609.0,3565.0
Ceranów,2169.0,1951.0
Jabłonna Lacka,4417.0,4342.0
Kosów Lacki,5947.0,5583.0
Repki,5173.0,4800.0
Sabnie,3636.0,3471.0
Sterdyń,3889.0,3576.0
Chlewiska,5911.0,5658.0
Jastrząb,5196.0,5135.0
Mirów,3898.0,3784.0
Orońsko,5969.0,5993.0
Szydłowiec,18698.0,17764.0
Błonie,21565.0,22108.0
Izabelin,10572.0,10713.0
Kampinos,4347.0,4468.0
Leszno,10207.0,10876.0
Łomianki,27203.0,30462.0
Ożarów Mazowiecki,25440.0,29428.0
Stare Babice,19279.0,21871.0
Węgrów,12583.0,12007.0
Grębków,4443.0,4309.0
Korytnica,6218.0,5705.0
Liw,7344.0,7266.0
Łochów,17899.0,17539.0
Miedzna,3812.0,3701.0
Sadowne,5828.0,5605.0
Stoczek,4945.0,4662.0
Wierzbno,2750.0,2549.0
Kobyłka,24414.0,26933.0
Marki,35461.0,41905.0
Ząbki,37818.0,43455.0
Zielonka,17560.0,18204.0
Dąbrówka,8150.0,8453.0
Jadów,7462.0,7216.0
Klembów,9968.0,10696.0
Radzymin,27504.0,29898.0
Strachówka,2720.0,2662.0
Tłuszcz,20109.0,20095.0
Wołomin,51884.0,51640.0
Brańszczyk,8252.0,8274.0
Długosiodło,7779.0,7568.0
Rząśnik,7004.0,6858.0
Somianka,5605.0,5643.0
Wyszków,39637.0,39409.0
Zabrodzie,5943.0,6102.0
Kazanów,4504.0,4370.0
Policzna,5473.0,5303.0
Przyłęk,6154.0,5959.0
Tczów,4910.0,4835.0
Zwoleń,15125.0,14612.0
Bieżuń,4973.0,4725.0
Kuczbork-Osada,4714.0,4418.0
Lubowidz,6849.0,6508.0
Lutocin,4236.0,4100.0
Siemiątkowo,3439.0,3289.0
Żuromin,14304.0,13736.0
Żyrardów,39828.0,39481.0
Mszczonów,11525.0,11486.0
Puszcza Mariańska,8661.0,8796.0
Radziejowice,5855.0,6227.0
Wiskitki,9880.0,10151.0
Ostrołęka,52055.0,49913.0
Płock,119425.0,114974.0
Radom,211371.0,202259.0
M.st.Warszawa od 2002,1790658.0,1861774.0
Bemowo - dzielnica,125119.0,129374.0
Białołęka - dzielnica,129106.0,150367.0
Bielany - dzielnica,131592.0,134813.0
Mokotów - dzielnica,218265.0,227160.0
Ochota - dzielnica,82484.0,79576.0
Praga-Południe - dzielnica,180789.0,187645.0
Praga-Północ - dzielnica,63481.0,61546.0
Rembertów - dzielnica,24513.0,24834.0
Śródmieście - dzielnica,113713.0,103649.0
Targówek - dzielnica,124992.0,125036.0
Ursus - dzielnica,61312.0,66543.0
Ursynów - dzielnica,151304.0,152807.0
Wawer - dzielnica,78244.0,85673.0
Wesoła - dzielnica,25798.0,26124.0
Wilanów - dzielnica,42134.0,50182.0
Włochy - dzielnica,43613.0,48739.0
Wola - dzielnica,141407.0,151052.0
Żoliborz - dzielnica,52792.0,56654.0
Brzeg,35709.0,34629.0
Skarbimierz,8217.0,8457.0
Grodków,19087.0,18441.0
Lewin Brzeski,12940.0,12723.0
Lubsza,8984.0,8999.0
Baborów,5976.0,5836.0
Branice,6474.0,6381.0
Głubczyce,22280.0,21468.0
Kietrz,10822.0,10287.0
Kędzierzyn-Koźle,60641.0,57148.0
Bierawa,7912.0,7537.0
Cisek,5593.0,5465.0
Pawłowiczki,7426.0,7198.0
Polska Cerekiew,4013.0,3866.0
Reńska Wieś,8295.0,8141.0
Byczyna,9221.0,8929.0
Kluczbork,35938.0,34788.0
Lasowice Wielkie,6827.0,6459.0
Wołczyn,13484.0,12714.0
Gogolin,12662.0,11736.0
Krapkowice,22568.0,22072.0
Strzeleczki,7398.0,7241.0
Walce,5397.0,5245.0
Zdzieszowice,15722.0,14411.0
Domaszowice,3569.0,3489.0
Namysłów,26172.0,26375.0
Pokój,5178.0,5090.0
Świerczów,3330.0,3139.0
Głuchołazy,23643.0,23071.0
Kamiennik,3444.0,3276.0
Korfantów,8734.0,8560.0
Łambinowice,7441.0,7396.0
Nysa,56951.0,55304.0
Otmuchów,13501.0,13096.0
Paczków,12535.0,11884.0
Pakosławice,3500.0,3440.0
Skoroszyce,6199.0,5984.0
Dobrodzień,9838.0,9247.0
Gorzów Śląski,7131.0,7075.0
Praszka,13472.0,13167.0
Rudniki,8159.0,7832.0
Zębowice,3631.0,3517.0
Chrząstowice,7013.0,6975.0
Dobrzeń Wielki,9478.0,9174.0
Komprachcice,9120.0,9249.0
Łubniany,9872.0,9940.0
Murów,5298.0,5174.0
Niemodlin,13162.0,12894.0
Ozimek,19543.0,18642.0
Popielów,8029.0,7792.0
Prószków,9091.0,8822.0
Tarnów Opolski,9628.0,9399.0
Tułowice,5205.0,5025.0
Turawa,10018.0,9879.0
Głogówek,13221.0,12990.0
Prudnik,27109.0,25798.0
Izbicko,5412.0,5203.0
Jemielnica,7236.0,7000.0
Kolonowskie,5874.0,5699.0
Leśnica,7550.0,7601.0
Strzelce Opolskie,30515.0,29781.0
Zawadzkie,11304.0,10735.0
Opole,128035.0,127540.0
Czarna,27342.0,27771.0
Lutowiska,2060.0,2031.0
Ustrzyki Dolne,17215.0,16680.0
Brzozów,26599.0,26271.0
Domaradz,6100.0,5877.0
Dydnia,7914.0,7702.0
Haczów,9113.0,9087.0
Jasienica Rosielna,7845.0,7658.0
Nozdrzec,7996.0,7709.0
Dębica,71353.0,69885.0
Brzostek,13010.0,12865.0
Jodłowa,5359.0,5288.0
Pilzno,18250.0,18143.0
Żyraków,14190.0,14332.0
Jarosław,50692.0,49604.0
Radymno,16668.0,16178.0
Chłopice,5535.0,5385.0
Laszki,6922.0,6700.0
Pawłosiów,8450.0,8454.0
Pruchnik,9681.0,9415.0
Rokietnica,22986.0,26270.0
Roźwienica,6235.0,6172.0
Wiązownica,11715.0,11654.0
Jasło,51239.0,50055.0
Brzyska,6530.0,6408.0
Dębowiec,14700.0,14576.0
Kołaczyce,8929.0,8739.0
Krempna,1861.0,1769.0
Nowy Żmigród,9009.0,8843.0
Osiek Jasielski,5372.0,5240.0
Skołyszyn,12475.0,12175.0
Tarnowiec,9168.0,9012.0
Cmolas,8093.0,8090.0
Kolbuszowa,24724.0,24497.0
Majdan Królewski,9818.0,9759.0
Niwiska,6091.0,6186.0
Raniżów,7036.0,7002.0
Dzikowiec,6484.0,6392.0
Chorkówka,13464.0,13517.0
Dukla,14554.0,14121.0
Iwonicz-Zdrój,10886.0,10509.0
Jedlicze,15432.0,15091.0
Korczyna,11207.0,11176.0
Krościenko Wyżne,5613.0,5450.0
Miejsce Piastowe,13691.0,13431.0
Rymanów,15922.0,15537.0
Wojaszówka,9329.0,9250.0
Jaśliska,2185.0,2102.0
Leżajsk,34056.0,33232.0
Grodzisko Dolne,8026.0,7853.0
Kuryłówka,5709.0,5627.0
Nowa Sarzyna,21579.0,21184.0
Lubaczów,21157.0,20719.0
Cieszanów,7141.0,6946.0
Horyniec-Zdrój,4659.0,4485.0
Narol,7967.0,7714.0
Oleszyce,6332.0,6226.0
Stary Dzików,4143.0,4121.0
Wielkie Oczy,3818.0,3703.0
Łańcut,39632.0,39593.0
Markowa,6481.0,6399.0
Rakszawa,7359.0,7285.0
Żołynia,7036.0,7048.0
Mielec,73712.0,71930.0
Borowa,5541.0,5335.0
Czermin,12006.0,11872.0
Gawłuszowice,2727.0,2725.0
Padew Narodowa,5381.0,5234.0
Przecław,12003.0,11999.0
Radomyśl Wielki,14292.0,14202.0
Tuszów Narodowy,8222.0,8275.0
Wadowice Górne,7723.0,7598.0
Harasiuki,6074.0,5866.0
Jarocin,51103.0,50850.0
Jeżowe,10096.0,9921.0
Krzeszów,4261.0,4157.0
Nisko,22358.0,21759.0
Rudnik nad Sanem,10173.0,10026.0
Ulanów,8255.0,8053.0
Bircza,6539.0,6052.0
Dubiecko,9143.0,8940.0
Fredropol,5497.0,5270.0
Krasiczyn,5144.0,5102.0
Krzywcza,4820.0,4605.0
Medyka,6542.0,6315.0
Orły,8894.0,8601.0
Przemyśl,10650.0,10712.0
Stubno,3864.0,3754.0
Żurawica,12968.0,12749.0
Przeworsk,30154.0,29604.0
Adamówka,4057.0,4092.0
Gać,4627.0,4545.0
Jawornik Polski,4456.0,4329.0
Kańczuga,12307.0,11931.0
Sieniawa,7041.0,6836.0
Tryńcza,8491.0,8471.0
Zarzecze,7229.0,6970.0
Iwierzyce,7735.0,7718.0
Ostrów,7358.0,7324.0
Ropczyce,27487.0,27221.0
Sędziszów Małopolski,23784.0,23883.0
Wielopole Skrzyńskie,8151.0,7877.0
Dynów,13013.0,12814.0
Błażowa,10833.0,10851.0
Boguchwała,20766.0,21762.0
Chmielnik,18209.0,18283.0
Głogów Małopolski,19658.0,20426.0
Hyżne,7062.0,6956.0
Lubenia,6439.0,6587.0
Sokołów Małopolski,17244.0,17338.0
Świlcza,16265.0,16406.0
Trzebownisko,22296.0,23183.0
Tyczyn,10499.0,11112.0
Sanok,55445.0,53804.0
Besko,4508.0,4423.0
Bukowsko,5495.0,5379.0
Komańcza,4541.0,4333.0
Tyrawa Wołoska,1978.0,1977.0
Zagórz,13126.0,12892.0
Zarszyn,9292.0,9010.0
Stalowa Wola,60466.0,57882.0
Bojanów,7602.0,7579.0
Pysznica,11194.0,11522.0
Radomyśl nad Sanem,7311.0,7300.0
Zaklików,8516.0,8261.0
Zaleszany,10948.0,11019.0
Czudec,11808.0,11660.0
Frysztak,10361.0,10229.0
Niebylec,10541.0,10456.0
Strzyżów,20677.0,20213.0
Baranów Sandomierski,11852.0,11571.0
Gorzyce,34440.0,34037.0
Grębów,9984.0,9982.0
Nowa Dęba,18027.0,17401.0
Baligród,3161.0,3083.0
Cisna,1740.0,1710.0
Lesko,11319.0,11038.0
Olszanica,4894.0,4815.0
Solina,5327.0,5325.0
Krosno,46291.0,45165.0
Rzeszów,196208.0,194374.0
Tarnobrzeg,46745.0,45054.0
Augustów,36912.0,36066.0
Bargłów Kościelny,5496.0,5152.0
Lipsk,5059.0,4678.0
Nowinka,2953.0,2896.0
Płaska,2583.0,2415.0
Sztabin,5065.0,4720.0
Choroszcz,15528.0,16807.0
Czarna Białostocka,11314.0,11059.0
Dobrzyniewo Duże,9423.0,9941.0
Gródek,5141.0,4992.0
Juchnowiec Kościelny,16572.0,17839.0
Łapy,21848.0,20886.0
Michałowo,6565.0,6142.0
Supraśl,15676.0,16922.0
Suraż,1967.0,1945.0
Turośń Kościelna,6411.0,6756.0
Tykocin,6194.0,5892.0
Wasilków,17560.0,19184.0
Zabłudów,9331.0,9737.0
Zawady,2717.0,2561.0
Bielsk Podlaski,31868.0,31266.0
Brańsk,9383.0,9035.0
Boćki,4185.0,4001.0
Orla,2702.0,2573.0
Rudka,1868.0,1720.0
Wyszki,4347.0,4063.0
Grajewo,27689.0,27010.0
Radziłów,4722.0,4491.0
Rajgród,5176.0,4798.0
Szczuczyn,6026.0,5910.0
Hajnówka,24331.0,23511.0
Białowieża,2191.0,2067.0
Czeremcha,3115.0,2849.0
Czyże,1960.0,1895.0
Dubicze Cerkiewne,1484.0,1405.0
Kleszczele,2466.0,2260.0
Narew,3454.0,3398.0
Narewka,3609.0,3293.0
Kolno,21861.0,20963.0
Grabowo,3399.0,3285.0
Mały Płock,4739.0,4472.0
Stawiski,6085.0,5746.0
Turośl,5110.0,4890.0
Jedwabne,5299.0,5035.0
Łomża,11162.0,11720.0
Miastkowo,4218.0,4096.0
Nowogród,4028.0,3914.0
Piątnica,10702.0,10359.0
Przytuły,2073.0,1960.0
Śniadowo,5312.0,5191.0
Wizna,3957.0,3736.0
Zbójna,4192.0,4067.0
Goniądz,4932.0,4768.0
Jasionówka,2765.0,2540.0
Jaświły,4847.0,4539.0
Knyszyn,4750.0,4607.0
Krypno,3973.0,3793.0
Mońki,14874.0,14309.0
Trzcianne,4271.0,4080.0
Sejny,9267.0,8924.0
Giby,2694.0,2566.0
Krasnopol,3792.0,3668.0
Puńsk,4161.0,4108.0
Siemiatycze,20478.0,19657.0
Drohiczyn,6222.0,5951.0
Dziadkowice,2724.0,2628.0
Grodzisk,4169.0,3962.0
Mielnik,2319.0,2172.0
Milejczyce,1710.0,1711.0
Nurzec-Stacja,3793.0,3625.0
Perlejewo,2778.0,2631.0
Dąbrowa Białostocka,11336.0,10639.0
Janów,10082.0,9757.0
Korycin,3202.0,3108.0
Krynki,3037.0,2827.0
Kuźnica,3927.0,3788.0
Nowy Dwór,2618.0,2325.0
Sidra,3407.0,3171.0
Sokółka,25352.0,24650.0
Suchowola,6869.0,6562.0
Szudziałowo,2840.0,2824.0
Bakałarzewo,3104.0,3016.0
Filipów,4292.0,4091.0
Jeleniewo,3149.0,3154.0
Przerośl,2919.0,2820.0
Raczki,5907.0,5776.0
Rutka-Tartak,2322.0,2287.0
Suwałki,7739.0,7904.0
Szypliszki,3901.0,3917.0
Wiżajny,2341.0,2116.0
Wysokie Mazowieckie,14822.0,14656.0
Ciechanowiec,8577.0,8294.0
Czyżew,6352.0,6155.0
Klukowo,4346.0,4144.0
Kobylin-Borzymy,3197.0,3022.0
Kulesze Kościelne,3072.0,3006.0
Nowe Piekuty,3861.0,3668.0
Sokoły,5743.0,5412.0
Szepietowo,6890.0,6676.0
Zambrów,30893.0,30100.0
Kołaki Kościelne,2289.0,2222.0
Rutki,5514.0,5207.0
Szumowo,4809.0,4659.0
Białystok,297554.0,294675.0
Borzytuchom,3364.0,3330.0
Bytów,25420.0,25311.0
Czarna Dąbrówka,5917.0,5759.0
Kołczygłowy,4237.0,4188.0
Lipnica,5216.0,5154.0
Miastko,19509.0,18472.0
Parchowo,3795.0,3788.0
Studzienice,3760.0,3645.0
Trzebielino,3696.0,3603.0
Tuchomie,4284.0,4159.0
Chojnice,59115.0,58425.0
Brusy,14575.0,14365.0
Czersk,21644.0,21387.0
Konarzyny,2311.0,2267.0
Człuchów,24752.0,24110.0
Czarne,9055.0,8792.0
Debrzno,8984.0,8787.0
Koczała,3356.0,3233.0
Przechlewo,6331.0,6019.0
Rzeczenica,3607.0,3426.0
Pruszcz Gdański,62647.0,67458.0
Cedry Wielkie,6965.0,6766.0
Kolbudy,17839.0,20040.0
Przywidz,5957.0,5971.0
Pszczółki,9713.0,10436.0
Suchy Dąb,4223.0,4196.0
Trąbki Wielkie,11145.0,11391.0
Chmielno,7805.0,7727.0
Kartuzy,34013.0,34211.0
Przodkowo,9663.0,10485.0
Sierakowice,20054.0,20420.0
Somonino,10814.0,11008.0
Sulęczyno,5547.0,5643.0
Żukowo,40837.0,46931.0
Kościerzyna,39833.0,39680.0
Dziemiany,4410.0,4465.0
Karsin,6239.0,6178.0
Liniewo,4597.0,4462.0
Lipusz,3744.0,3741.0
Nowa Karczma,7049.0,7087.0
Stara Kiszewa,6816.0,6748.0
Kwidzyn,49847.0,49165.0
Gardeja,8421.0,8123.0
Prabuty,13091.0,12491.0
Ryjewo,5831.0,5690.0
Sadlinki,5984.0,5962.0
Lębork,35273.0,34597.0
Łeba,3601.0,3238.0
Cewice,7577.0,7434.0
Nowa Wieś Lęborska,13645.0,13409.0
Wicko,6019.0,5651.0
Malbork,43176.0,42603.0
Lichnowy,4613.0,4258.0
Miłoradz,3348.0,3280.0
Nowy Staw,7637.0,7282.0
Stare Pole,4696.0,4469.0
Krynica Morska,1286.0,1179.0
Nowy Dwór Gdański,17695.0,17176.0
Ostaszewo,3216.0,2988.0
Stegna,9749.0,9464.0
Sztutowo,3634.0,3483.0
Hel,3261.0,2997.0
Jastarnia,3690.0,3562.0
Puck,37940.0,38495.0
Władysławowo,15388.0,14781.0
Kosakowo,15589.0,19124.0
Krokowa,10816.0,10534.0
Ustka,23706.0,22518.0
Damnica,6093.0,5854.0
Dębnica Kaszubska,9534.0,9229.0
Główczyce,8979.0,8555.0
Kępice,9063.0,8494.0
Kobylnica,12848.0,13376.0
Potęgowo,6882.0,6646.0
Redzikowo,18206.0,18590.0
Smołdzino,3375.0,3118.0
Czarna Woda,3141.0,3118.0
Skórcz,8215.0,7861.0
Starogard Gdański,64384.0,63411.0
Bobowo,3202.0,3112.0
Kaliska,5401.0,5332.0
Lubichowo,6646.0,6714.0
Osieczna,12149.0,12012.0
Skarszewy,14924.0,14517.0
Smętowo Graniczne,5185.0,4939.0
Zblewo,11832.0,12006.0
Tczew,74986.0,73742.0
Gniew,15443.0,14743.0
Morzeszczyn,3649.0,3384.0
Pelplin,16166.0,15532.0
Subkowy,5484.0,5364.0
Reda,26307.0,28122.0
Rumia,49230.0,51826.0
Wejherowo,76083.0,76487.0
Choczewo,5495.0,5120.0
Gniewino,7436.0,7418.0
Linia,6432.0,6364.0
Luzino,16539.0,16987.0
Łęczyce,12084.0,12041.0
Szemud,18240.0,20000.0
Dzierzgoń,9225.0,8984.0
Mikołajki Pomorskie,3627.0,3445.0
Stary Dzierzgoń,3913.0,3590.0
Stary Targ,6246.0,6005.0
Sztum,18291.0,17562.0
Gdańsk,470907.0,486542.0
Gdynia,246348.0,245739.0
Słupsk,90681.0,88060.0
Sopot,35719.0,33125.0
Będzin,56354.0,55893.0
Czeladź,31405.0,30798.0
Wojkowice,8942.0,8625.0
Mierzęcice,7635.0,7847.0
Psary,12221.0,12381.0
Siewierz,12417.0,12670.0
Sławków,6983.0,6946.0
Szczyrk,5751.0,5509.0
Bestwina,11909.0,12012.0
Buczkowice,11227.0,11246.0
Czechowice-Dziedzice,45489.0,44796.0
Jasienica,24419.0,24853.0
Jaworze,7395.0,7310.0
Kozy,13024.0,13097.0
Porąbka,15630.0,15398.0
Wilamowice,17695.0,17858.0
Wilkowice,13421.0,13398.0
Cieszyn,34424.0,34084.0
Ustroń,16067.0,16149.0
Wisła,11096.0,10905.0
Brenna,11285.0,11719.0
Chybie,9825.0,9632.0
Goleszów,13142.0,13167.0
Hażlach,10915.0,10816.0
Istebna,12159.0,12146.0
Skoczów,26910.0,26396.0
Strumień,13272.0,13240.0
Zebrzydowice,13263.0,12918.0
Blachownia,12930.0,12744.0
Dąbrowa Zielona,3860.0,3750.0
Kamienica Polska,5567.0,5462.0
Kłomnice,13471.0,13166.0
Koniecpol,9408.0,9014.0
Konopiska,10736.0,10726.0
Kruszyna,4806.0,4733.0
Lelów,4824.0,4676.0
Mstów,10834.0,10820.0
Mykanów,15104.0,15372.0
Olsztyn,7810.0,8181.0
Poczesna,12707.0,12622.0
Przyrów,3752.0,3627.0
Rędziny,9933.0,9695.0
Starcza,2829.0,2857.0
Knurów,38112.0,36556.0
Pyskowice,18429.0,17430.0
Gierałtowice,12183.0,12445.0
Pilchowice,12013.0,12354.0
Rudziniec,10643.0,10876.0
Sośnicowice,8909.0,8901.0
Toszek,9383.0,9336.0
Wielowieś,5856.0,5866.0
Kłobuck,20327.0,19993.0
Krzepice,9111.0,8751.0
Lipie,6224.0,6084.0
Miedźno,7548.0,7476.0
Opatów,18481.0,17891.0
Panki,5039.0,4918.0
Popów,5874.0,5789.0
Przystajń,5876.0,5785.0
Wręczyca Wielka,17774.0,17845.0
Lubliniec,23757.0,23717.0
Boronów,3436.0,3337.0
Ciasna,7454.0,7361.0
Herby,6797.0,6561.0
Kochanowice,6938.0,6936.0
Koszęcin,11815.0,11974.0
Pawonków,6635.0,6520.0
Woźniki,9619.0,9451.0
Łaziska Górne,22202.0,21618.0
Mikołów,41014.0,41264.0
Orzesze,21189.0,21582.0
Ornontowice,6176.0,6186.0
Wyry,8409.0,8695.0
Myszków,31585.0,30554.0
Koziegłowy,14320.0,14271.0
Niegowa,5608.0,5438.0
Poraj,10914.0,10787.0
Żarki,8453.0,8275.0
Goczałkowice-Zdrój,6755.0,6621.0
Kobiór,4905.0,5070.0
Miedźna,16590.0,16151.0
Pawłowice,18172.0,17769.0
Pszczyna,52770.0,52848.0
Suszec,12347.0,12499.0
Racibórz,54739.0,51377.0
Kornowac,5159.0,5161.0
Krzanowice,5742.0,5396.0
Krzyżanowice,11274.0,10861.0
Kuźnia Raciborska,11768.0,10829.0
Nędza,7453.0,6743.0
Pietrowice Wielkie,6883.0,6532.0
Czerwionka-Leszczyny,42121.0,40799.0
Gaszowice,9798.0,9774.0
Jejkowice,4154.0,4151.0
Lyski,9654.0,9718.0
Świerklany,12486.0,12494.0
Kalety,8589.0,8275.0
Miasteczko Śląskie,7442.0,7133.0
Radzionków,16873.0,16244.0
Tarnowskie Góry,61686.0,61251.0
Krupski Młyn,3185.0,3083.0
Ożarowice,5795.0,5845.0
Świerklaniec,12401.0,12783.0
Tworóg,8287.0,8215.0
Zbrosławice,16261.0,16154.0
Bieruń,19507.0,19124.0
Imielin,9189.0,9271.0
Lędziny,16798.0,16518.0
Bojszowy,7924.0,8154.0
Chełm Śląski,6358.0,6273.0
Pszów,13844.0,13330.0
Radlin,17759.0,17244.0
Rydułtowy,21514.0,20772.0
Wodzisław Śląski,47813.0,46065.0
Godów,13813.0,13746.0
Lubomia,7912.0,7715.0
Marklowice,5405.0,5372.0
Mszana,7690.0,7598.0
Poręba,8480.0,8297.0
Zawiercie,49204.0,47815.0
Irządze,2601.0,2561.0
Kroczyce,6306.0,6148.0
Łazy,15893.0,15762.0
Ogrodzieniec,9061.0,9074.0
Pilica,8570.0,8266.0
Szczekociny,7658.0,7310.0
Włodowice,5254.0,5230.0
Żarnowiec,4597.0,4511.0
Żywiec,31091.0,30464.0
Gilowice,6251.0,6268.0
Jeleśnia,13275.0,12896.0
Koszarawa,2367.0,2265.0
Lipowa,10846.0,10754.0
Łękawica,4552.0,4488.0
Łodygowice,14567.0,14929.0
Milówka,10067.0,9940.0
Radziechowy-Wieprz,13079.0,12946.0
Rajcza,8810.0,8569.0
Ślemień,3531.0,3526.0
Świnna,8070.0,7979.0
Ujsoły,4430.0,4323.0
Węgierska Górka,15080.0,14703.0
Bielsko-Biała,170663.0,169553.0
Bytom,165263.0,153827.0
Chorzów,107807.0,104448.0
Częstochowa,220433.0,213942.0
Dąbrowa Górnicza,119373.0,117257.0
Gliwice,178603.0,174581.0
Jastrzębie-Zdrój,88743.0,85388.0
Jaworzno,91115.0,89269.0
Katowice,292774.0,286369.0
Mysłowice,74618.0,72587.0
Piekary Śląskie,55030.0,53168.0
Ruda Śląska,137360.0,134169.0
Rybnik,138098.0,134050.0
Siemianowice Śląskie,66841.0,64935.0
Sosnowiec,199974.0,194438.0
Świętochłowice,49557.0,46645.0
Tychy,127590.0,125223.0
Zabrze,172360.0,158923.0
Żory,62472.0,61833.0
Busko-Zdrój,32189.0,31425.0
Gnojno,4351.0,4321.0
Nowy Korczyn,5916.0,5610.0
Pacanów,7322.0,7128.0
Solec-Zdrój,5036.0,4968.0
Stopnica,7589.0,7350.0
Tuczępy,3740.0,3682.0
Wiślica,5453.0,5268.0
Imielno,4338.0,4272.0
Jędrzejów,27898.0,27369.0
Małogoszcz,11536.0,11261.0
Nagłowice,4915.0,4771.0
Oksa,4574.0,4470.0
Sędziszów,12413.0,12125.0
Sobków,8466.0,8458.0
Wodzisław,6949.0,6607.0
Bejsce,3997.0,3939.0
Kazimierza Wielka,16118.0,15576.0
Opatowiec,3283.0,3099.0
Skalbmierz,6463.0,6318.0
Bieliny,10299.0,10012.0
Bodzentyn,11479.0,11201.0
Chęciny,15111.0,14978.0
Daleszyce,15865.0,16258.0
Górno,14559.0,14915.0
Łopuszno,8984.0,8834.0
Masłów,11063.0,11652.0
Miedziana Góra,11632.0,12331.0
Mniów,9346.0,9232.0
Morawica,16756.0,17319.0
Nowa Słupia,9471.0,9196.0
Piekoszów,16489.0,16719.0
Pierzchnica,4700.0,4816.0
Raków,5595.0,5429.0
Nowiny,7910.0,7833.0
Strawczyn,10874.0,10971.0
Zagnańsk,12982.0,12541.0
Fałków,4393.0,4101.0
Gowarczów,4583.0,4477.0
Końskie,35112.0,33618.0
Radoszyce,8891.0,8423.0
Ruda Maleniecka,3069.0,2969.0
Słupia Konecka,3319.0,3122.0
Smyków,3792.0,3709.0
Stąporków,16699.0,16004.0
Baćkowice,4868.0,4674.0
Iwaniska,6616.0,6292.0
Lipnik,5206.0,5001.0
Ożarów,10662.0,10425.0
Sadowie,3929.0,3874.0
Tarłów,5139.0,4822.0
Wojciechowice,4006.0,3869.0
Ostrowiec Świętokrzyski,68338.0,65066.0
Bałtów,3410.0,3243.0
Bodzechów,13326.0,12815.0
Ćmielów,7330.0,6947.0
Kunów,9779.0,9406.0
Waśniów,6781.0,6547.0
Działoszyce,4900.0,4765.0
Kije,4373.0,4336.0
Michałów,4564.0,4519.0
Pińczów,20626.0,19838.0
Złota,4463.0,4363.0
Sandomierz,23362.0,22282.0
Dwikozy,8709.0,8386.0
Klimontów,7994.0,7703.0
Koprzywnica,6634.0,6368.0
Łoniów,7451.0,7291.0
Obrazów,6375.0,6258.0
Samborzec,8420.0,8243.0
Wilczyce,3687.0,3554.0
Zawichost,4385.0,4185.0
Skarżysko-Kamienna,44848.0,43297.0
Bliżyn,8037.0,7676.0
Łączna,5008.0,5035.0
Skarżysko Kościelne,5988.0,5684.0
Suchedniów,10110.0,9584.0
Starachowice,48395.0,46442.0
Mirzec,8260.0,8087.0
Pawłów,15240.0,14961.0
Wąchock,6811.0,6527.0
Bogoria,7692.0,7521.0
Połaniec,11764.0,11352.0
Rytwiany,6371.0,6307.0
Staszów,25599.0,25150.0
Szydłów,4679.0,4455.0
Kluczewsko,5197.0,5018.0
Krasocin,10620.0,10296.0
Moskorzew,2640.0,2602.0
Secemin,4811.0,4668.0
Włoszczowa,19292.0,19030.0
Kielce,194852.0,187427.0
Bartoszyce,33999.0,32683.0
Górowo Iławeckie,10751.0,10121.0
Bisztynek,6299.0,5887.0
Sępopol,6182.0,5891.0
Braniewo,23023.0,22081.0
Frombork,3555.0,3266.0
Lelkowo,2817.0,2510.0
Pieniężno,6183.0,5740.0
Płoskinia,2486.0,2400.0
Wilczęta,2970.0,2689.0
Działdowo,31095.0,30219.0
Iłowo-Osada,7192.0,6898.0
Lidzbark,14052.0,13567.0
Płośnica,5604.0,5299.0
Elbląg,7563.0,7595.0
Godkowo,3011.0,2825.0
Gronowo Elbląskie,5127.0,4943.0
Markusy,4048.0,3917.0
Milejewo,3419.0,3294.0
Młynary,4406.0,4279.0
Pasłęk,19313.0,18801.0
Rychliki,3753.0,3600.0
Tolkmicko,6571.0,6171.0
Ełk,73929.0,72515.0
Kalinowo,6660.0,6351.0
Prostki,7238.0,6841.0
Stare Juchy,3733.0,3451.0
Giżycko,37817.0,36897.0
Kruklanki,3125.0,3020.0
Miłki,3722.0,3538.0
Ryn,5668.0,5515.0
Wydminy,6233.0,5991.0
Iława,46315.0,45849.0
Lubawa,21077.0,21048.0
Kisielice,5997.0,5715.0
Susz,12727.0,12104.0
Zalewo,6763.0,6371.0
Kętrzyn,35286.0,34077.0
Barciany,6109.0,5778.0
Korsze,9646.0,9086.0
Reszel,7488.0,6864.0
Srokowo,3754.0,3526.0
Lidzbark Warmiński,22389.0,21422.0
Kiwity,3286.0,3193.0
Lubomino,3596.0,3418.0
Orneta,11909.0,11295.0
Mrągowo,29531.0,29424.0
Mikołajki,8131.0,7639.0
Piecki,7572.0,7322.0
Sorkwity,4528.0,4475.0
Janowiec Kościelny,3202.0,3014.0
Janowo,2654.0,2556.0
Kozłowo,5998.0,5532.0
Nidzica,21003.0,20130.0
Nowe Miasto Lubawskie,10850.0,10521.0
Biskupiec,28305.0,27046.0
Grodziczno,6308.0,6050.0
Kurzętnik,9111.0,8985.0
Bratian,8245.0,8380.0
Kowale Oleckie,4960.0,4677.0
Olecko,22025.0,21441.0
Świętajno,9657.0,8976.0
Wieliczki,3280.0,3256.0
Barczewo,18019.0,18092.0
Dobre Miasto,15844.0,15346.0
Dywity,12004.0,12893.0
Gietrzwałd,6685.0,6824.0
Jeziorany,7669.0,7221.0
Jonkowo,7430.0,7627.0
Olsztynek,13701.0,13338.0
Purda,8708.0,8831.0
Stawiguda,10548.0,13516.0
Świątki,4039.0,3802.0
Ostróda,49002.0,48143.0
Dąbrówno,4283.0,3987.0
Grunwald,5638.0,5212.0
Łukta,4455.0,4402.0
Małdyty,6251.0,5918.0
Miłakowo,5404.0,5150.0
Miłomłyn,4919.0,4864.0
Morąg,24199.0,23721.0
Biała Piska,11622.0,10831.0
Orzysz,8863.0,8532.0
Pisz,27659.0,26596.0
Ruciane-Nida,7991.0,7572.0
Szczytno,36183.0,35734.0
Dźwierzuty,6492.0,6111.0
Jedwabno,3631.0,3484.0
Pasym,5312.0,5137.0
Rozogi,5523.0,5360.0
Wielbark,6461.0,6324.0
Banie Mazurskie,3671.0,3403.0
Dubeninki,2886.0,2726.0
Gołdap,20132.0,19454.0
Budry,2780.0,2663.0
Pozezdrze,3253.0,3043.0
Węgorzewo,16605.0,15767.0
Chodzież,24580.0,24155.0
Budzyń,8526.0,8391.0
Margonin,6447.0,6352.0
Szamocin,7502.0,7286.0
Czarnków,22026.0,21554.0
Drawsko,5775.0,5720.0
Krzyż Wielkopolski,8693.0,8453.0
Lubasz,7701.0,7574.0
Połajewo,6173.0,6082.0
Trzcianka,24318.0,23863.0
Wieleń,12304.0,12073.0
Gniezno,80485.0,79182.0
Czerniejewo,7405.0,7233.0
Kiszkowo,5443.0,5232.0
Kłecko,7452.0,7301.0
Łubowo,6743.0,6972.0
Mieleszyn,4038.0,3767.0
Niechanowo,5965.0,5971.0
Trzemeszno,14294.0,13964.0
Witkowo,13593.0,13250.0
Borek Wielkopolski,7473.0,7234.0
Gostyń,28192.0,28028.0
Krobia,12994.0,12730.0
Pępowo,5948.0,5841.0
Pogorzela,4937.0,4750.0
Poniec,7734.0,7647.0
Granowo,5068.0,5027.0
Grodzisk Wielkopolski,20064.0,20328.0
Kamieniec,6673.0,6284.0
Rakoniewice,13178.0,13243.0
Wielichowo,6910.0,6829.0
Jaraczewo,8142.0,7813.0
Kotlin,7442.0,7134.0
Żerków,10248.0,9911.0
Blizanów,9940.0,10075.0
Ceków-Kolonia,4746.0,4779.0
Godziesze Wielkie,9591.0,9930.0
Koźminek,7547.0,7393.0
Lisków,5213.0,5274.0
Mycielin,4873.0,4745.0
Opatówek,10808.0,10748.0
Stawiszyn,7133.0,6900.0
Szczytniki,7812.0,7652.0
Żelazków,9546.0,9632.0
Bralin,6100.0,6110.0
Kępno,24482.0,24557.0
Łęka Opatowska,5356.0,5232.0
Perzów,3777.0,3811.0
Rychtal,3804.0,3705.0
Trzcinica,4945.0,4934.0
Koło,29481.0,28347.0
Babiak,7831.0,7574.0
Chodów,3005.0,2878.0
Grzegorzew,5693.0,5472.0
Kościelec,6855.0,6736.0
Olszówka,4502.0,4242.0
Osiek Mały,6155.0,6160.0
Przedecz,4120.0,3985.0
Golina,12079.0,12066.0
Grodziec,5160.0,5077.0
Kazimierz Biskupi,11487.0,11490.0
Kleczew,9947.0,9687.0
Kramsk,11250.0,11495.0
Krzymów,8112.0,8152.0
Rychwał,8249.0,8048.0
Skulsk,6122.0,5893.0
Sompolno,10380.0,10229.0
Stare Miasto,12436.0,12639.0
Ślesin,14067.0,13946.0
Wierzbinek,7287.0,7002.0
Wilczyn,6202.0,5932.0
Kościan,40020.0,39851.0
Czempiń,11513.0,11421.0
Krzywiń,10043.0,9643.0
Śmigiel,17607.0,17233.0
Kobylin,8090.0,7823.0
Koźmin Wielkopolski,13211.0,12940.0
Krotoszyn,40341.0,40058.0
Rozdrażew,5204.0,5028.0
Krzemieniewo,8301.0,7972.0
Rydzyna,9636.0,9972.0
Święciechowa,8108.0,8456.0
Wijewo,3836.0,3768.0
Włoszakowice,9669.0,9716.0
Chrzypsko Wielkie,3306.0,3239.0
Kwilcz,6341.0,6158.0
Międzychód,18391.0,18098.0
Sieraków,8713.0,8602.0
Kuślin,5523.0,5238.0
Lwówek,9089.0,8833.0
Miedzichowo,3695.0,3817.0
Nowy Tomyśl,27045.0,27511.0
Opalenica,16397.0,16092.0
Zbąszyń,13794.0,13786.0
Oborniki,34179.0,34163.0
Rogoźno,18353.0,18050.0
Ryczywół,7293.0,6967.0
Ostrów Wielkopolski,91078.0,89946.0
Nowe Skalmierzyce,15563.0,15774.0
Odolanów,14655.0,14506.0
Przygodzice,12179.0,12219.0
Raszków,11849.0,11580.0
Sieroszewice,9684.0,9440.0
Sośnie,6573.0,6378.0
Czajków,2490.0,2491.0
Doruchów,5383.0,5115.0
Grabów nad Prosną,7817.0,7735.0
Kobyla Góra,6139.0,6189.0
Kraszewice,3621.0,3552.0
Mikstat,6046.0,5902.0
Ostrzeszów,24004.0,24078.0
Piła,73139.0,71903.0
Białośliwie,4852.0,4585.0
Kaczory,7860.0,7543.0
Łobżenica,9495.0,9190.0
Miasteczko Krajeńskie,3171.0,3066.0
Ujście,7957.0,7708.0
Wyrzysk,13926.0,13400.0
Wysoka,6516.0,6262.0
Chocz,4753.0,4520.0
Dobrzyca,8128.0,7781.0
Gizałki,4602.0,4504.0
Gołuchów,10777.0,11105.0
Pleszew,29807.0,29221.0
Luboń,31941.0,33042.0
Puszczykowo,9657.0,9496.0
Buk,12610.0,12676.0
Czerwonak,27617.0,27871.0
Dopiewo,28138.0,32542.0
Kleszczewo,8868.0,10372.0
Komorniki,30620.0,35263.0
Kostrzyn,18491.0,19323.0
Kórnik,29787.0,33491.0
Mosina,33442.0,34696.0
Murowana Goślina,16901.0,16895.0
Pobiedziska,19741.0,20878.0
Stęszew,15126.0,15349.0
Suchy Las,18104.0,19841.0
Swarzędz,51522.0,55124.0
Tarnowo Podgórne,28070.0,31002.0
Bojanowo,8739.0,8431.0
Jutrosin,7053.0,6948.0
Miejska Górka,9249.0,9013.0
Pakosław,4918.0,4805.0
Rawicz,30303.0,30344.0
Słupca,22921.0,23115.0
Lądek,5740.0,5552.0
Orchowo,3795.0,3624.0
Ostrowite,5077.0,4887.0
Powidz,2320.0,2234.0
Strzałkowo,10279.0,10050.0
Zagórów,8945.0,8627.0
Obrzycko,6842.0,6760.0
Duszniki,9109.0,9420.0
Kaźmierz,8755.0,9020.0
Ostroróg,4925.0,4748.0
Szamotuły,30251.0,30182.0
Wronki,19074.0,19038.0
Dominowo,3079.0,3210.0
Krzykosy,7136.0,7224.0
Nowe Miasto nad Wartą,9057.0,8760.0
Środa Wielkopolska,32649.0,33338.0
Zaniemyśl,6958.0,6937.0
Dolsk,5883.0,5780.0
Książ Wielkopolski,8495.0,8193.0
Śrem,42155.0,42505.0
Turek,36803.0,35862.0
Brudzew,5966.0,5979.0
Kawęczyn,5195.0,4995.0
Malanów,6585.0,6483.0
Przykona,4589.0,4584.0
Tuliszków,10537.0,10285.0
Władysławów,8085.0,8035.0
Wągrowiec,38002.0,37815.0
Damasławek,5326.0,5118.0
Gołańcz,8293.0,7917.0
Mieścisko,5937.0,5720.0
Skoki,9713.0,9884.0
Wapno,2962.0,2789.0
Przemęt,14173.0,14004.0
Siedlec,12734.0,12435.0
Wolsztyn,30539.0,30431.0
Kołaczkowo,6025.0,5717.0
Miłosław,10202.0,10050.0
Nekla,7571.0,7702.0
Pyzdry,6937.0,6650.0
Września,47259.0,48150.0
Złotów,28474.0,28499.0
Jastrowie,11500.0,11056.0
Krajenka,7534.0,7475.0
Lipka,5509.0,5357.0
Okonek,8502.0,8068.0
Tarnówka,3009.0,2941.0
Kalisz,100246.0,96222.0
Konin,73522.0,70162.0
Poznań,534813.0,547777.0
Białogard,31692.0,30596.0
Karlino,9137.0,8714.0
Tychowo,6731.0,6385.0
Bierzwnik,4670.0,4461.0
Choszczno,21635.0,20667.0
Drawno,5053.0,4711.0
Krzęcin,3667.0,3391.0
Pełczyce,7764.0,7397.0
Recz,5454.0,5131.0
Czaplinek,11867.0,11368.0
Drawsko Pomorskie,17174.0,16789.0
Kalisz Pomorski,7372.0,6932.0
Wierzchowo,4243.0,4135.0
Złocieniec,16359.0,15691.0
Goleniów,36088.0,36966.0
Nowogard,24634.0,23914.0
Osina,3034.0,2933.0
Przybiernów,5005.0,4901.0
Stepnica,4883.0,4789.0
Brojce,3743.0,3522.0
Gryfice,23757.0,23214.0
Karnice,3977.0,3839.0
Płoty,8801.0,8367.0
Rewal,3862.0,3685.0
Trzebiatów,16137.0,15334.0
Banie,6308.0,5946.0
Cedynia,4221.0,4103.0
Chojna,13706.0,13412.0
Gryfino,31827.0,30813.0
Mieszkowice,7047.0,6739.0
Moryń,4267.0,4174.0
Stare Czarnowo,3828.0,3712.0
Trzcińsko-Zdrój,5271.0,4954.0
Widuchowa,5407.0,5121.0
Dziwnów,3957.0,3717.0
Golczewo,5871.0,5588.0
Kamień Pomorski,14377.0,13834.0
Międzyzdroje,6452.0,6179.0
Świerzno,4227.0,4049.0
Wolin,12115.0,11818.0
Kołobrzeg,57241.0,55791.0
Dygowo,5592.0,5437.0
Gościno,5138.0,5237.0
Rymań,3929.0,3738.0
Siemyśl,3853.0,3920.0
Ustronie Morskie,3685.0,3757.0
Będzino,8659.0,8545.0
Biesiekierz,7154.0,7386.0
Bobolice,8898.0,8460.0
Manowo,6948.0,6829.0
Mielno,4888.0,4858.0
Polanów,8610.0,8316.0
Sianów,13853.0,13992.0
Świeszyno,7470.0,8022.0
Barlinek,19244.0,18777.0
Boleszkowice,2849.0,2812.0
Myślibórz,19702.0,19059.0
Nowogródek Pomorski,3357.0,3352.0
Dobra (Szczecińska),24292.0,27071.0
Kołbaskowo,13436.0,14189.0
Nowe Warpno,1636.0,1565.0
Police,41288.0,39797.0
Bielice,3122.0,2997.0
Kozielice,2477.0,2450.0
Lipiany,5832.0,5651.0
Przelewice,5129.0,4677.0
Pyrzyce,19313.0,18545.0
Warnice,3463.0,3200.0
Darłowo,21644.0,20799.0
Malechowo,6264.0,6102.0
Postomino,6891.0,6853.0
Stargard,81589.0,81719.0
Chociwel,5804.0,5584.0
Dobrzany,4800.0,4641.0
Dolice,7802.0,7335.0
Ińsko,3346.0,3209.0
Kobylanka,5714.0,6083.0
Marianowo,3113.0,2945.0
Stara Dąbrowa,3720.0,3595.0
Suchań,4298.0,4145.0
Szczecinek,49258.0,47448.0
Barwice,8478.0,8070.0
Biały Bór,5294.0,4988.0
Borne Sulinowo,9935.0,9481.0
Grzmiąca,4665.0,4477.0
Świdwin,21286.0,20466.0
Brzeżno,2766.0,2667.0
Połczyn-Zdrój,15118.0,14116.0
Rąbino,3560.0,3395.0
Sławoborze,3994.0,3938.0
Wałcz,37856.0,36484.0
Człopa,4891.0,4660.0
Mirosławiec,5402.0,5409.0
Tuczno,4890.0,4612.0
Łobez,13863.0,13267.0
Radowo Małe,3592.0,3337.0
Resko,7988.0,7470.0
Węgorzyno,6890.0,6463.0
Koszalin,107048.0,106152.0
Szczecin,401907.0,397289.0
Świnoujście,40888.0,40326.0
